name,phone_number,age
佐々木 加奈,000-1311-9608,27
渡辺 拓真,02-4134-7653,56
佐々木 裕樹,22-8221-4933,68
高橋 京助,000-7424-7371,42
鈴木 千代,21-0757-5168,40
山口 治,000-9175-4341,20
山口 直樹,000-9750-8366,34
佐藤 英樹,000-3344-9441,71
松本 英樹,000-7637-8301,68
小林 直子,000-7386-5250,80
渡辺 治,000-2098-0471,34
高橋 亮介,000-2201-1348,49
佐々木 結衣,000-4221-4073,20
遠藤 学,000-3982-6874,79
山口 浩,000-0514-4988,53
鈴木 くみ子,000-9237-2846,76
伊藤 太一,000-6505-8712,62
山田 千代,000-3030-5285,28
高橋 篤司,000-6057-9570,72
高橋 香織,96-7027-4194,23
山本 結衣,000-0686-3660,21
高橋 春香,96-9378-0461,46
阿部 桃子,75-4898-9358,25
藤原 くみ子,64-5313-5804,36
佐々木 翔太,000-7218-7581,78
西村 亮介,000-5121-7516,50
三浦 千代,84-4828-5203,51
松田 幹,87-4852-9073,46
山田 くみ子,000-6650-1752,39
遠藤 里佳,000-9122-5254,73
藤田 零,000-6293-6400,61
鈴木 零,96-0260-2231,20
長谷川 七夏,000-7233-6521,78
佐藤 桃子,000-8771-1068,34
林 千代,000-8787-5196,27
伊藤 篤司,000-2657-4285,79
福田 直人,000-9702-0612,22
田中 美加子,000-3385-0076,45
松本 陽子,000-6180-0944,42
小川 治,000-5353-5998,25
伊藤 零,000-6991-3130,79
吉田 加奈,000-0247-0289,57
松本 陽一,000-1479-7226,80
岡本 裕太,000-3770-2600,54
後藤 真綾,000-4582-3967,47
山本 陽一,000-0967-2524,39
鈴木 明美,000-0447-8581,69
佐々木 翔太,000-8183-1359,78
小林 充,06-3379-1984,71
山下 知実,000-8069-2820,56
前田 浩,000-6857-4492,39
清水 香織,000-8966-8822,78
佐藤 浩,49-1997-5058,40
山田 拓真,000-0439-6121,39
遠藤 花子,000-5584-4109,42
加藤 晃,39-9261-2881,49
三浦 淳,000-8434-0910,37
高橋 裕美子,000-2282-9131,75
山田 結衣,000-7673-5209,55
小林 浩,000-2237-0514,61
佐藤 美加子,000-2032-3841,36
小川 浩,000-1588-4237,20
高橋 晃,01-0963-4458,55
松本 淳,000-6131-3344,21
小林 幹,000-5234-0769,48
山口 美加子,000-6739-2526,28
山崎 桃子,000-6326-7957,55
渡辺 淳,000-7792-0005,55
遠藤 直人,38-3301-7022,33
佐藤 裕太,000-1835-2469,76
森 拓真,000-7890-0022,53
中村 七夏,000-4503-9417,56
前田 京助,97-1733-7088,21
佐藤 くみ子,000-0117-1125,35
渡辺 智也,000-2768-0773,21
佐藤 知実,48-0181-6217,79
中村 治,000-6728-2429,35
伊藤 洋介,000-3340-0474,35
山田 翼,000-3977-2406,55
長谷川 涼平,000-0447-0605,62
小林 直子,34-0483-3317,36
高橋 康弘,000-0556-9296,45
佐藤 京助,000-7189-0987,27
村上 七夏,000-3517-4553,25
後藤 裕太,000-3924-3260,25
森 加奈,79-9614-2523,47
斎藤 七夏,83-2690-6849,36
伊藤 くみ子,000-5329-7757,55
近藤 加奈,000-5013-4809,52
小川 桃子,000-1762-0317,53
中村 浩,000-2191-0891,75
石川 千代,000-3639-9269,62
佐藤 零,000-6767-2706,80
高橋 春香,000-4459-1314,52
佐藤 幹,000-4778-2673,22
福田 陽子,000-4303-4324,58
渡辺 さゆり,17-8955-3871,38
佐々木 裕樹,000-1125-1755,20
藤田 修平,03-6579-4038,67
藤田 裕太,000-1345-5741,21
橋本 結衣,09-9850-2163,55
林 幹,000-5683-1195,37
遠藤 直子,000-9441-3394,31
山本 結衣,000-5785-4595,56
福田 裕太,63-4277-7376,58
藤田 修平,000-8575-0579,72
斉藤 真綾,000-2348-2605,76
斎藤 裕樹,000-1637-3386,55
清水 くみ子,000-3752-7918,76
鈴木 翼,000-7217-3871,26
伊藤 直樹,000-4396-6376,26
高橋 治,13-2613-5198,56
長谷川 舞,000-2175-7746,26
高橋 春香,000-2097-1252,55
斎藤 治,97-1809-2391,42
山田 真綾,000-9220-1084,39
佐藤 翔太,000-1428-0004,33
斉藤 直人,000-8521-8305,65
井上 拓真,000-5174-3872,25
山本 裕美子,000-5011-4633,41
中村 直子,000-8455-4826,43
斎藤 翼,000-7389-1291,78
佐藤 明美,000-3517-8101,58
伊藤 浩,000-8942-7407,47
佐藤 翔太,76-9985-1159,30
山下 学,000-8590-5978,42
鈴木 涼平,000-0882-8380,61
伊藤 知実,41-5583-3015,73
森 太一,000-1646-8396,76
山口 あすか,000-7622-2782,67
橋本 淳,99-1996-2055,75
高橋 桃子,83-4573-7049,76
近藤 香織,000-2841-9846,66
鈴木 美加子,000-6773-0052,77
小林 晃,000-9390-1183,77
佐藤 美加子,000-5843-9296,33
鈴木 春香,000-3628-9071,71
近藤 直人,000-1673-2519,48
佐藤 桃子,000-1672-2574,51
遠藤 篤司,000-0165-7218,49
佐藤 修平,000-2047-3928,53
坂本 健一,000-5664-5223,26
吉田 桃子,24-0277-4650,26
石川 涼平,000-2743-3130,25
佐々木 洋介,000-7245-2455,49
村上 あすか,01-4987-8233,22
池田 涼平,000-9922-6092,54
村上 真綾,02-3081-3124,50
小川 和也,000-2708-1992,20
木村 花子,000-6830-9770,61
岡田 直人,000-7659-4129,75
鈴木 康弘,53-6092-6879,53
佐藤 裕樹,000-3779-3104,78
佐藤 千代,000-2915-7941,51
中村 さゆり,03-2348-8765,51
吉田 智也,000-3797-4736,49
田中 直子,000-3395-7476,43
林 花子,000-9801-0775,25
高橋 千代,000-3735-8220,65
吉田 裕美子,14-4494-0313,74
山本 あすか,000-5007-6109,58
松本 幹,000-4733-9042,43
佐藤 知実,000-8872-8247,44
清水 舞,000-7447-8835,49
小林 美加子,000-4781-8234,70
山本 真綾,000-5177-9957,40
高橋 翔太,000-6641-4381,72
鈴木 明美,000-6946-6549,57
田中 くみ子,000-8459-2288,62
阿部 和也,000-1192-8773,58
高橋 美加子,000-9921-0379,53
加藤 涼平,000-1836-4936,47
吉田 和也,000-5154-4376,41
佐藤 陽子,000-3024-2849,46
加藤 和也,51-0285-8501,58
石井 あすか,000-1035-7747,51
近藤 亮介,000-7052-2856,77
山田 充,000-3565-3423,44
山口 洋介,000-3379-8274,53
伊藤 直子,000-4983-6000,60
山田 和也,000-0514-1716,50
松田 智也,000-4443-0536,27
加藤 英樹,67-6963-3769,60
加藤 千代,000-3868-2821,30
田中 稔,97-9240-7450,65
加藤 幹,000-1270-8005,53
山田 花子,000-9726-7941,22
岡田 学,88-0878-8931,43
藤田 学,000-8973-5003,48
中村 健一,000-9949-2824,32
村上 稔,000-0663-5195,33
近藤 七夏,000-5511-3303,40
山崎 幹,89-5984-7251,70
西村 さゆり,000-8633-9748,67
鈴木 翔太,000-4826-4826,77
橋本 あすか,61-4610-9009,70
佐藤 花子,000-3423-1459,56
木村 花子,000-0178-6022,24
石川 春香,000-0911-7824,61
橋本 春香,000-1539-5177,49
中村 篤司,73-5188-5075,22
山田 舞,000-5958-1910,80
長谷川 太一,000-1722-5839,79
山田 桃子,000-9862-3589,79
鈴木 零,000-4966-0497,36
近藤 涼平,21-9452-4816,56
小林 知実,000-2976-1318,31
高橋 花子,000-2125-1708,57
山崎 翼,000-4399-8768,41
吉田 春香,000-1601-7793,62
阿部 あすか,93-3305-5365,77
伊藤 明美,000-3596-3375,57
伊藤 明美,000-0747-9826,38
斎藤 晃,000-5807-9246,45
山口 翔太,000-6139-7484,72
佐藤 香織,000-0714-2536,47
鈴木 翼,000-4944-0346,22
山田 淳,12-8409-4233,67
藤井 くみ子,000-7292-7262,51
橋本 さゆり,000-1790-8485,76
高橋 香織,22-0581-4453,56
藤原 直人,000-2586-4552,42
佐藤 里佳,000-7427-8014,42
松田 裕樹,84-9253-1356,75
加藤 幹,000-3945-3104,70
藤原 美加子,000-6248-2763,60
伊藤 舞,000-5137-2226,68
井上 結衣,30-9203-2812,50
松田 晃,20-6303-0767,70
吉田 充,000-2086-0105,39
西村 直人,000-9886-9984,52
吉田 加奈,43-8920-2617,31
山口 明美,000-1271-8298,45
山下 舞,000-9586-3680,71
伊藤 結衣,000-1376-9469,73
山本 陽子,000-6479-0617,38
鈴木 桃子,000-9906-9803,36
山下 英樹,77-1294-5180,66
田中 裕美子,000-6241-3727,55
田中 晃,34-4683-9610,23
斎藤 陽子,000-8428-1117,78
太田 真綾,00-7508-2731,57
小川 淳,000-4356-9301,70
伊藤 康弘,000-8543-8716,57
田中 智也,000-0920-7021,30
西村 涼平,53-0051-2333,57
藤田 明美,000-4655-6376,75
長谷川 和也,000-5708-0518,40
吉田 裕太,31-1942-8000,72
高橋 治,000-3876-8218,32
木村 篤司,000-4596-0075,32
伊藤 和也,00-4599-9585,61
鈴木 くみ子,46-7591-5193,32
佐々木 聡太郎,000-2735-6839,67
岡田 美加子,000-0003-6029,61
高橋 直子,000-1448-5116,32
前田 陽一,33-4372-0412,27
佐々木 陽一,000-2224-1936,56
高橋 聡太郎,000-4716-6570,20
山口 真綾,000-7962-9409,68
斉藤 浩,48-8812-7770,80
前田 裕太,000-2284-5191,37
吉田 明美,02-2887-7262,26
石川 裕樹,000-0207-5597,54
山口 稔,000-0775-4885,42
井上 直子,79-3605-0213,58
林 太郎,000-7806-7916,30
山田 加奈,000-8968-2529,60
遠藤 涼平,04-9905-2117,63
石川 桃子,97-0155-0402,37
吉田 明美,000-2160-4296,68
中村 智也,000-0302-2763,68
高橋 あすか,000-3522-8553,64
山本 舞,62-2731-7225,80
長谷川 零,000-3816-4119,52
佐藤 涼平,35-4024-9453,65
吉田 七夏,69-3144-8775,33
田中 康弘,000-8377-2139,26
橋本 篤司,000-8068-4116,53
佐藤 舞,000-8038-1712,68
鈴木 修平,63-2157-7906,30
中村 智也,000-0013-5646,41
坂本 裕美子,000-1583-3178,57
山下 翔太,000-3487-8437,62
渡辺 聡太郎,000-2197-5518,60
田中 真綾,39-8643-4055,34
石井 翼,000-2834-3475,79
小林 翼,000-4557-6861,47
藤原 真綾,000-2456-8019,54
阿部 結衣,000-1175-8178,78
渡辺 あすか,78-1611-9711,76
坂本 治,21-4086-1976,24
小林 陽子,000-7543-2011,37
高橋 陽子,40-3980-7843,59
佐々木 直樹,000-9279-5063,41
藤井 加奈,000-2275-8133,65
伊藤 淳,000-6313-8179,47
坂本 加奈,91-6403-7317,70
岡田 直樹,000-4219-6262,42
岡田 結衣,000-5666-5682,73
井上 くみ子,000-4050-8314,42
山崎 太郎,000-7605-7710,50
山口 零,000-9324-8365,70
伊藤 裕美子,79-1606-0187,44
岡田 里佳,000-1517-2579,66
橋本 真綾,46-0232-8014,72
清水 太郎,000-1756-6721,44
井上 修平,24-2622-9446,76
鈴木 あすか,000-5390-1530,30
井上 春香,000-5758-6298,80
藤井 裕美子,58-2648-4494,70
石川 裕美子,000-2569-0866,47
田中 亮介,28-7074-0199,47
山本 桃子,05-7663-0247,67
田中 洋介,000-0182-9413,59
加藤 里佳,000-5285-7834,43
中村 篤司,09-2337-6764,55
山本 康弘,000-1516-9885,38
鈴木 太一,09-5297-5277,69
斎藤 智也,000-3770-2120,52
山本 千代,000-4859-7892,80
坂本 拓真,000-4247-6935,75
中村 翼,42-4521-9938,45
中村 真綾,000-0634-9624,32
中村 京助,000-2551-4576,30
岡本 涼平,000-5554-3698,58
佐藤 英樹,000-4442-9982,42
佐藤 香織,000-6372-7846,43
鈴木 聡太郎,000-2609-4309,80
鈴木 美加子,57-5864-9352,27
伊藤 花子,56-8779-2380,22
池田 翔太,000-1612-9621,61
松本 拓真,000-8130-5427,51
木村 あすか,000-4439-7959,63
佐藤 舞,000-8536-0270,66
山口 真綾,000-0506-6576,72
山本 くみ子,000-9945-7176,50
山田 陽子,000-8340-0305,51
佐藤 康弘,000-6784-1242,57
鈴木 千代,45-8856-1987,44
阿部 裕太,000-9701-0168,40
高橋 翔太,86-3030-5589,24
渡辺 里佳,000-2364-3144,69
橋本 加奈,000-6051-5765,48
前田 洋介,000-4164-5931,32
山口 翔太,000-8019-2823,40
遠藤 春香,53-0310-2086,58
山崎 篤司,000-8881-3462,38
近藤 京助,000-5191-9550,40
林 太一,30-7957-5779,39
山本 七夏,000-1074-6121,58
長谷川 直人,000-1021-7658,33
山田 くみ子,000-8705-0348,31
小林 千代,000-5341-9842,41
清水 聡太郎,000-6353-5743,32
松本 花子,000-6993-7145,68
鈴木 春香,000-6365-7521,64
伊藤 さゆり,000-1620-6030,61
吉田 舞,000-0007-0586,29
山田 裕樹,000-5298-1106,57
佐々木 陽一,000-7220-3609,40
山崎 くみ子,000-2519-4380,74
佐々木 亮介,44-4626-0255,46
田中 直子,000-0410-3983,30
森 英樹,000-5969-2105,55
山本 零,000-3555-6959,60
渡辺 洋介,83-1478-4005,68
佐々木 知実,000-4990-7975,56
松田 裕太,000-9296-9450,45
後藤 千代,55-6193-6254,41
加藤 充,50-4268-2388,43
吉田 英樹,000-8366-9484,76
小林 花子,20-9801-8145,39
中村 直樹,87-5128-7594,30
山本 拓真,00-2689-6634,56
佐藤 零,05-3203-1275,53
藤井 直子,96-4179-4571,56
清水 結衣,000-1308-5315,21
加藤 香織,000-5422-8498,31
佐々木 亮介,000-6965-8585,21
山下 結衣,000-0784-2033,44
村上 直子,000-6096-8697,78
加藤 亮介,000-6951-0942,51
斎藤 充,000-0208-0006,70
清水 修平,000-4732-7869,44
小林 修平,000-3336-9242,36
伊藤 零,000-1754-9872,69
鈴木 直子,30-9990-0360,73
小林 京助,000-4941-3369,33
伊藤 康弘,000-3823-0481,33
松田 洋介,000-0005-8420,26
森 零,53-5414-5152,44
山本 裕太,000-7654-2208,67
鈴木 聡太郎,000-5328-0456,44
阿部 智也,000-0001-1749,61
三浦 英樹,000-6288-2282,49
小林 香織,000-5535-5987,80
佐々木 千代,000-9651-2663,39
林 桃子,000-4206-7672,80
阿部 治,000-7446-1876,80
清水 陽一,000-3018-7137,44
中島 零,000-4382-0429,23
福田 陽一,000-3121-3721,45
中島 稔,000-4639-3496,34
長谷川 幹,000-6565-0984,55
伊藤 さゆり,000-0276-1223,33
渡辺 七夏,64-5253-8061,71
山本 美加子,000-1551-8497,31
斎藤 あすか,000-9777-4025,79
坂本 陽子,000-8041-0982,21
鈴木 零,24-7913-8512,33
加藤 香織,000-5804-8774,39
佐藤 直樹,000-0155-5722,80
佐藤 加奈,000-3841-5671,77
斉藤 桃子,64-0537-2046,25
田中 稔,000-6363-1770,71
森 篤司,37-7414-5715,52
井上 康弘,000-4358-3332,66
伊藤 幹,000-0497-3553,22
伊藤 七夏,000-7697-9205,53
岡田 直樹,12-3566-4216,28
石井 康弘,93-9306-5440,46
木村 七夏,38-1585-8759,24
小川 七夏,000-2930-7014,51
渡辺 拓真,27-9749-3430,30
藤田 さゆり,18-1795-7705,45
松田 晃,000-7589-2931,60
高橋 春香,60-2545-8513,45
小林 春香,000-7459-5754,24
渡辺 亮介,000-1615-1666,60
佐藤 康弘,000-1197-7633,58
後藤 香織,000-7500-9843,31
加藤 直子,000-1362-6663,71
山田 充,02-2166-9164,55
鈴木 裕美子,000-3942-7650,79
田中 陽一,000-0005-5881,21
阿部 直子,88-8291-4933,39
岡田 英樹,79-6146-1446,20
加藤 明美,000-3216-1731,27
林 淳,000-8253-9480,58
加藤 知実,86-7475-0610,47
林 裕樹,000-0052-8736,69
佐藤 幹,000-7329-7060,26
中村 花子,000-8300-6024,66
藤原 修平,000-2059-9666,20
木村 加奈,000-6040-8388,22
石川 智也,30-6367-3800,42
福田 聡太郎,000-5039-6951,66
松田 太郎,000-2694-7999,76
坂本 篤司,000-8513-6044,20
橋本 智也,000-6243-3086,42
伊藤 里佳,000-7120-7847,28
木村 幹,000-4675-3894,61
近藤 千代,15-4841-2078,72
中村 あすか,000-1613-3143,61
田中 結衣,25-5193-0822,54
山口 翔太,000-4810-8323,69
岡田 翔太,000-7247-0638,36
林 康弘,000-0255-7220,58
遠藤 明美,000-1748-5817,34
森 香織,21-6120-9098,24
加藤 陽子,000-4456-9818,60
山本 学,000-6068-4614,72
山崎 あすか,51-5817-5060,80
山口 七夏,08-0054-3850,34
中村 学,000-3646-5672,76
藤井 直人,000-6225-7075,63
山本 直人,000-2605-1991,30
福田 翼,14-3959-0922,24
田中 さゆり,000-4521-1119,73
山本 稔,000-6624-1022,70
渡辺 直人,000-4188-0522,41
福田 京助,000-1483-2648,74
福田 さゆり,000-9037-7716,40
吉田 学,000-3749-0938,34
中島 直樹,000-5684-4402,70
渡辺 知実,000-0008-0739,36
佐々木 結衣,17-4425-0097,69
太田 零,87-0238-2140,25
伊藤 英樹,000-4638-4456,31
山田 舞,000-2349-2211,72
鈴木 直樹,000-5662-1567,50
小林 晃,000-0783-9021,69
山田 美加子,000-3293-8814,74
村上 香織,78-1774-4351,69
長谷川 真綾,30-5403-6988,57
伊藤 幹,000-9005-2489,80
福田 淳,000-2409-3009,37
山本 結衣,000-5316-6927,57
伊藤 明美,000-7367-3963,52
池田 稔,93-3228-8527,79
井上 幹,17-7065-0503,56
鈴木 裕太,000-4863-6523,63
青木 充,000-9694-4103,76
松本 幹,000-6209-6884,69
加藤 さゆり,000-4491-9867,73
佐藤 篤司,000-5892-2654,23
清水 浩,000-4615-1249,58
石川 聡太郎,000-1251-3833,29
山本 篤司,000-3616-9836,40
福田 美加子,000-6284-3310,76
井上 さゆり,48-2368-8578,41
松本 淳,000-2021-3928,73
藤井 七夏,000-7821-1688,34
福田 裕太,000-3225-2213,44
青木 七夏,000-1232-3683,38
橋本 陽子,000-5193-8418,31
高橋 聡太郎,000-9574-6030,33
高橋 英樹,66-4463-1120,34
三浦 翼,77-9524-9813,27
福田 洋介,000-5147-0541,55
渡辺 花子,000-3767-8969,21
高橋 真綾,000-3972-7534,59
松本 美加子,000-2794-8887,22
池田 洋介,47-6479-6462,27
小川 翔太,000-5241-0750,35
中村 英樹,000-5998-1286,35
青木 康弘,000-3071-4092,24
中川 花子,000-5361-7970,60
中川 陽一,000-0418-7294,43
佐々木 亮介,000-7818-1525,28
中村 康弘,97-3890-0247,66
石川 美加子,000-5346-9320,23
森 加奈,40-1815-1687,48
阿部 修平,000-3657-7591,56
後藤 翼,000-3878-1700,72
鈴木 亮介,000-1482-2023,48
松本 さゆり,96-5717-6767,23
渡辺 くみ子,000-2097-6342,27
伊藤 花子,000-7227-6232,43
岡田 七夏,65-0695-7594,49
高橋 裕美子,000-2053-8344,33
田中 里佳,000-3165-0178,40
藤原 千代,000-8686-7788,53
橋本 健一,000-8047-2445,78
山下 充,000-4925-6789,25
渡辺 陽子,000-0447-6313,45
木村 直子,000-5843-6159,72
林 七夏,48-8902-3009,34
藤田 京助,000-9364-1353,67
中島 涼平,000-3881-1383,38
加藤 智也,000-2746-4470,39
清水 結衣,000-7185-8064,27
林 翔太,000-2504-3100,35
小林 陽一,12-0963-8083,30
小林 智也,000-8476-3653,35
佐藤 太一,000-4165-4214,70
池田 あすか,000-9041-2865,32
遠藤 七夏,000-6887-4442,49
山崎 あすか,000-8917-3260,39
渡辺 篤司,000-4028-8335,54
加藤 稔,000-3653-7677,20
前田 春香,000-8325-0418,26
佐々木 くみ子,10-7048-1596,47
斉藤 充,000-2521-0085,35
斎藤 幹,06-5451-2399,63
山口 聡太郎,000-1463-4374,48
石井 直人,42-3353-6780,42
藤井 浩,000-4392-5385,58
山口 幹,64-4999-9534,47
鈴木 英樹,000-7023-6911,37
佐藤 康弘,000-9333-1733,59
伊藤 陽子,000-5446-5779,53
林 知実,000-0491-5813,72
佐藤 直子,000-3719-7581,56
高橋 充,39-3734-8525,40
小川 修平,77-4437-0927,54
鈴木 明美,000-6287-2814,30
太田 花子,000-4863-4154,43
木村 陽子,000-0884-4394,43
高橋 くみ子,000-6556-1244,29
斉藤 千代,000-0057-0519,72
山口 直樹,000-1440-5063,37
渡辺 千代,85-0130-0349,69
伊藤 浩,88-8346-7935,51
阿部 知実,000-6372-1331,38
佐藤 花子,53-1889-1483,68
鈴木 和也,21-3397-8518,37
鈴木 幹,20-8038-2649,68
中川 結衣,000-1612-1471,23
岡本 裕太,72-6193-5836,64
鈴木 陽一,000-9972-2137,28
田中 翼,000-3092-5194,80
村上 真綾,000-3131-7067,74
加藤 洋介,000-4286-9310,51
西村 陽一,000-4865-9108,41
松本 洋介,93-8755-3868,58
高橋 修平,26-2032-4913,38
山本 篤司,000-1436-0917,77
松田 加奈,000-9956-2702,71
伊藤 直人,000-7020-0962,45
伊藤 英樹,000-8842-5727,74
山崎 和也,000-8182-8276,53
田中 結衣,59-9763-6441,34
山本 裕太,000-8974-4964,78
佐藤 康弘,83-3935-0279,63
加藤 康弘,000-1654-0613,71
渡辺 健一,000-5888-7656,31
岡田 七夏,000-5260-1030,52
佐藤 篤司,000-9253-8208,35
三浦 あすか,05-0781-2958,52
斎藤 直子,000-6366-0502,56
山田 舞,000-3789-4965,73
佐藤 浩,000-9469-6215,30
中川 裕太,000-3156-0038,37
渡辺 直子,000-1187-0456,67
田中 学,000-9302-9884,54
山下 直子,000-0116-2048,40
林 太一,000-8863-2267,66
田中 晃,32-7598-4041,50
吉田 さゆり,000-4757-9832,76
斎藤 零,000-2153-3131,64
田中 拓真,000-4104-9169,21
木村 拓真,000-7856-4710,61
橋本 真綾,000-2819-7828,75
中村 加奈,000-6587-9580,23
長谷川 浩,38-9706-4991,62
松田 翼,000-8977-7793,55
山口 陽子,000-7683-2482,46
佐々木 裕美子,000-5746-4734,67
山下 裕美子,000-5300-2885,41
太田 直人,000-9709-7094,73
鈴木 零,000-6439-9591,61
加藤 あすか,000-8917-7360,24
伊藤 直人,000-7267-5216,70
佐藤 裕太,34-6029-6031,73
阿部 英樹,000-7279-9593,79
阿部 千代,000-1111-0055,36
橋本 七夏,000-0130-0082,44
藤原 花子,000-3316-4545,23
林 加奈,19-7987-3659,46
佐藤 桃子,000-3579-6415,33
池田 裕美子,000-0454-6358,36
伊藤 充,00-2130-1540,48
鈴木 拓真,000-6484-7158,40
石川 拓真,09-9219-1239,66
山崎 治,69-9967-4977,61
伊藤 洋介,68-8827-3027,52
高橋 篤司,000-9685-5472,45
石井 聡太郎,000-5106-0586,28
伊藤 聡太郎,000-1458-8212,50
林 裕美子,95-4816-5471,47
佐藤 修平,58-9438-4851,23
鈴木 桃子,000-7372-6504,39
石井 春香,000-2962-8471,37
山下 直人,000-0150-3891,59
村上 篤司,000-7570-7597,22
三浦 舞,000-4055-9925,33
鈴木 香織,000-6722-0071,73
中川 太一,000-0169-3224,70
坂本 桃子,000-1112-3685,47
高橋 直樹,000-1534-1593,63
中村 直樹,00-9620-0078,57
吉田 裕樹,07-3233-4935,20
木村 康弘,000-3571-6433,70
藤田 春香,000-2476-3202,75
鈴木 太一,000-7771-7738,58
松田 晃,000-0201-1696,49
吉田 聡太郎,000-3060-8784,37
鈴木 真綾,000-3517-5086,35
田中 明美,000-2114-6287,80
小林 知実,000-3759-9435,49
小林 亮介,000-1278-6180,80
加藤 和也,000-5167-9594,46
山下 太郎,000-1951-6210,50
佐藤 直子,000-3517-2413,54
渡辺 陽一,000-8430-4945,21
遠藤 さゆり,76-4061-9133,30
高橋 知実,000-0684-8111,61
藤井 さゆり,000-1582-3228,24
渡辺 涼平,000-5848-6809,35
中村 真綾,37-4539-7578,52
吉田 春香,000-8330-6102,41
後藤 聡太郎,000-0040-3625,46
松本 修平,000-5690-6827,73
井上 桃子,000-9382-0667,28
田中 美加子,000-1147-7709,24
吉田 明美,000-7417-0394,69
橋本 桃子,000-0419-8152,26
山下 幹,99-7012-0626,67
山田 京助,000-3410-8473,51
山口 裕太,89-2540-5280,53
松本 加奈,000-2751-1774,75
中島 あすか,000-8278-8084,65
林 篤司,000-6280-5293,54
佐々木 舞,72-4921-8770,40
山本 あすか,000-9355-4510,60
高橋 桃子,000-9822-4267,65
加藤 翔太,000-4674-6186,42
伊藤 千代,000-5052-9747,63
山崎 裕樹,44-9286-3346,58
阿部 里佳,000-0061-0244,38
橋本 加奈,30-7479-0258,43
高橋 陽子,000-6940-2325,59
岡田 さゆり,000-1104-6188,69
渡辺 幹,46-8319-6277,48
山下 舞,000-3540-2289,38
橋本 直人,000-2839-9654,56
三浦 晃,70-0626-5202,60
山田 くみ子,000-8082-2883,51
鈴木 和也,000-4465-5948,28
佐藤 亮介,000-6692-0445,77
山田 舞,000-0516-3060,55
中島 亮介,000-0239-1985,73
吉田 洋介,000-1892-3490,63
長谷川 京助,000-6376-8269,64
山本 さゆり,000-8347-9120,27
近藤 加奈,000-6698-4276,35
青木 直人,000-3160-0876,26
藤原 淳,19-0205-4357,56
長谷川 翔太,000-6988-9489,48
鈴木 直人,000-6556-3686,58
井上 春香,78-2698-4743,32
後藤 学,000-3634-1640,36
加藤 稔,000-7736-1842,46
高橋 あすか,000-8158-0481,25
斉藤 健一,000-0823-8598,50
山本 英樹,60-6549-4812,73
岡田 桃子,000-4117-7343,40
鈴木 亮介,21-4196-8181,22
小川 京助,000-4666-7591,29
鈴木 洋介,000-7124-4348,38
渡辺 京助,000-3579-7853,23
村上 真綾,000-5640-3262,21
加藤 直樹,000-3606-0112,78
加藤 加奈,000-2189-0667,62
石井 あすか,000-9423-2635,74
前田 里佳,000-6126-5222,30
高橋 結衣,000-8217-3149,72
吉田 香織,000-0034-6696,41
林 涼平,000-5503-7643,24
田中 亮介,47-3604-8171,58
坂本 治,000-3132-1764,28
小林 裕美子,000-3967-1362,44
鈴木 京助,000-2716-7961,42
中村 知実,000-4019-2357,38
鈴木 幹,000-4278-1423,32
藤田 真綾,66-3047-0843,63
福田 充,000-0766-6320,30
鈴木 真綾,000-1963-7419,21
高橋 千代,000-8145-5733,71
吉田 稔,000-0020-0541,68
後藤 修平,000-9678-4640,79
中島 修平,000-4306-4256,65
石井 七夏,000-5562-0459,63
鈴木 加奈,25-1349-6895,76
山本 直樹,81-2012-9966,48
渡辺 里佳,52-4389-1921,64
山下 篤司,000-2109-1627,62
山崎 康弘,000-5821-6972,68
高橋 拓真,000-1453-1652,61
佐藤 稔,000-1441-1602,76
山本 翼,000-4923-4867,60
伊藤 香織,000-4930-0958,58
小林 聡太郎,000-3675-6975,34
高橋 春香,81-6548-9466,69
佐藤 太郎,81-5674-6808,44
小林 花子,38-0170-8122,52
木村 舞,58-3844-7475,72
山田 直子,000-5520-3113,63
森 篤司,000-7966-8514,66
山下 京助,000-9976-4933,69
前田 春香,000-1771-3905,44
岡田 健一,000-9154-4618,71
佐藤 陽子,000-7059-1366,52
阿部 幹,000-5035-9488,73
木村 桃子,000-7998-8324,23
坂本 あすか,000-5869-3731,52
木村 英樹,000-5721-7322,78
高橋 直樹,000-3047-1782,74
高橋 直子,000-7925-1704,77
山口 直樹,000-0009-0740,27
加藤 稔,000-1292-2620,50
山下 康弘,000-8190-2758,77
斎藤 亮介,000-9032-8240,47
佐藤 千代,000-5261-0018,32
鈴木 篤司,000-1162-3756,53
鈴木 淳,000-3221-5083,65
伊藤 陽一,000-4342-7236,24
鈴木 直子,000-3472-8356,34
斉藤 桃子,000-7711-0412,72
斉藤 陽一,71-3630-6325,24
清水 洋介,000-4474-3839,32
伊藤 花子,000-5658-8274,68
鈴木 里佳,000-2759-9020,41
藤井 幹,000-8951-3600,63
渡辺 零,16-1029-0960,48
岡田 修平,000-7345-6204,60
渡辺 晃,000-3179-9840,62
松田 香織,77-5693-9859,32
井上 千代,000-4296-0376,44
佐藤 零,000-6997-7146,62
佐々木 修平,55-3989-9412,21
福田 康弘,21-8266-6762,31
鈴木 千代,000-7008-8007,25
長谷川 太一,000-0222-8284,23
阿部 健一,000-8063-8440,78
井上 亮介,000-4859-1381,25
山口 京助,000-2514-5099,73
森 結衣,000-6254-7112,32
伊藤 さゆり,81-5140-9938,47
青木 和也,000-1138-6880,66
田中 陽一,000-2099-4096,58
木村 くみ子,000-1935-1889,76
清水 翔太,000-3200-6015,28
中島 知実,000-5749-7798,53
井上 舞,000-9932-0473,52
石井 桃子,000-8735-4436,20
高橋 淳,06-4764-7797,45
山田 結衣,000-4583-0561,31
吉田 舞,000-7743-2337,29
高橋 あすか,29-8171-3234,56
山下 直子,000-9401-3769,31
佐藤 和也,000-2326-5285,71
高橋 篤司,000-3835-3372,40
鈴木 晃,32-7451-7316,40
太田 淳,000-4450-7749,69
松田 学,000-8187-3411,36
石川 篤司,000-7720-5063,30
伊藤 京助,000-9051-2709,22
清水 美加子,000-4845-0067,77
中川 京助,000-3236-2895,52
森 あすか,000-7851-5625,20
木村 加奈,000-4695-0195,35
林 陽子,000-0825-4167,38
田中 治,000-7342-8248,21
高橋 康弘,10-7231-2517,35
石川 太郎,000-4478-9162,43
佐々木 真綾,000-2310-2611,51
藤田 英樹,000-4472-0167,33
佐々木 里佳,000-7707-9643,59
佐藤 淳,000-3544-2102,76
藤井 陽子,39-9256-3463,45
林 翔太,00-5463-8023,71
佐藤 舞,09-3173-2685,75
松本 幹,000-7219-8807,61
林 拓真,14-5884-6997,50
伊藤 京助,000-7144-9636,58
阿部 稔,000-1324-5369,35
清水 浩,000-8263-4605,59
森 京助,11-3606-2519,21
山崎 裕樹,27-0065-3198,71
太田 舞,000-7973-2955,40
森 くみ子,000-0480-6733,79
阿部 修平,49-4339-1893,40
加藤 太一,85-9295-8553,79
加藤 稔,000-9819-9148,33
藤田 裕太,000-1294-6721,31
中村 京助,000-8652-1980,72
小林 直人,000-5321-3016,54
藤田 篤司,000-5569-4971,59
坂本 桃子,40-7646-7941,36
小林 陽子,47-3991-1848,73
斎藤 陽子,000-9230-0885,25
山田 真綾,000-0680-9992,22
高橋 明美,000-6742-8942,37
山田 真綾,000-2810-8292,25
後藤 浩,000-0485-6777,76
西村 淳,000-6147-0199,34
藤井 知実,000-7873-5236,73
青木 太郎,000-9068-3255,21
加藤 明美,000-2997-0148,55
高橋 陽子,000-0001-3487,66
山崎 春香,000-7321-0777,78
山本 舞,000-0742-9075,44
森 和也,000-5812-9664,29
高橋 千代,000-3892-4111,40
藤井 花子,02-1521-0139,73
中村 洋介,000-4175-1991,59
山田 直樹,000-7536-1725,26
山本 康弘,47-0310-3744,79
太田 拓真,000-6611-7199,23
加藤 充,25-3785-7044,62
遠藤 篤司,66-0120-9527,68
松本 裕美子,000-8063-8950,39
遠藤 晃,51-8435-6821,60
小川 幹,000-4013-1253,48
小林 裕太,63-1064-4353,35
後藤 和也,000-2948-8098,46
吉田 里佳,000-2108-0352,23
鈴木 直人,000-0195-8534,58
阿部 晃,000-6576-4744,61
石井 幹,000-9788-7170,78
中川 康弘,000-1142-0275,69
高橋 淳,000-5144-7820,78
松本 学,000-8251-0924,58
鈴木 翼,000-9720-0366,26
加藤 陽一,000-9147-2421,40
藤原 太一,000-7295-5564,47
井上 結衣,000-0003-7508,65
阿部 翼,000-8702-3618,30
鈴木 千代,000-7027-3055,25
佐々木 加奈,000-1140-7206,29
山本 充,000-0691-7068,23
中村 健一,45-4687-9796,34
福田 涼平,000-0434-9573,25
中村 桃子,000-6130-2542,68
山本 春香,000-3000-9888,68
山本 花子,000-0006-7541,71
森 加奈,21-8478-6185,47
松田 治,000-9472-9491,43
藤田 零,000-2552-8736,41
高橋 あすか,000-8131-7152,67
斉藤 聡太郎,000-0882-3708,23
佐藤 聡太郎,000-3503-9863,58
森 裕美子,98-5689-2934,66
長谷川 太郎,000-1818-5926,51
中川 桃子,000-8770-5084,78
前田 洋介,000-3440-3116,63
松本 太郎,000-8212-7601,30
藤原 智也,79-0323-3461,41
吉田 七夏,32-2174-4762,79
岡本 陽子,000-9976-7658,79
佐藤 直樹,89-7969-8457,65
中村 直樹,23-7958-2277,63
鈴木 康弘,000-9500-8871,75
佐藤 稔,000-1481-2210,22
中村 裕太,07-2149-9432,29
吉田 修平,000-3020-5029,51
松本 晃,89-4137-0128,66
渡辺 裕美子,000-0811-5173,65
佐藤 零,000-7518-4183,58
青木 千代,000-1708-1730,73
佐々木 和也,69-3468-1617,38
小林 裕樹,000-7630-8375,51
三浦 学,000-5050-0434,54
田中 香織,78-7546-4897,23
青木 太郎,000-0251-4764,26
福田 明美,000-2809-8908,33
中村 結衣,27-5512-5813,56
坂本 陽子,000-7031-1243,63
佐藤 太郎,000-5130-6223,37
岡田 美加子,33-6434-8218,72
石川 零,000-8732-2092,52
吉田 裕美子,000-1387-2407,30
木村 美加子,000-8175-6363,46
佐藤 陽子,000-0162-7410,31
藤井 学,31-4497-3247,60
吉田 直子,000-5753-3859,30
斎藤 さゆり,000-5604-8238,26
田中 太郎,000-2816-8013,33
小林 結衣,66-1953-9707,69
中村 香織,000-4107-9200,72
後藤 晃,000-4575-5075,25
三浦 翔太,000-5210-0551,51
佐藤 千代,000-8552-8366,76
佐々木 亮介,000-7589-1281,46
鈴木 治,000-6506-0429,66
前田 春香,71-4983-9343,73
青木 千代,000-7700-2907,46
長谷川 治,000-2335-5228,61
斎藤 真綾,000-1355-6849,31
吉田 智也,000-4416-2117,42
井上 太郎,000-0026-2886,35
山本 拓真,000-9493-3903,56
高橋 明美,000-6784-7420,32
石井 直子,000-3045-0183,23
藤原 太郎,000-5085-2039,69
田中 陽一,83-0677-1121,48
村上 浩,68-6064-2686,50
斎藤 裕樹,46-8321-9657,20
吉田 陽子,000-6647-7656,68
鈴木 千代,000-7904-5374,75
林 直樹,000-7666-4379,56
藤田 翼,000-0780-6311,67
岡本 学,000-4252-8899,57
長谷川 春香,000-9920-8433,73
高橋 智也,000-5937-3504,46
松本 花子,72-6719-3076,75
佐々木 学,000-3241-4446,37
清水 明美,000-2235-2417,34
山本 千代,21-9570-4883,30
渡辺 加奈,000-6313-1749,59
吉田 陽一,13-5032-1818,43
山口 亮介,000-4035-8454,59
森 京助,000-4614-0452,52
木村 春香,000-8444-7455,63
吉田 充,000-6633-3029,64
井上 稔,000-9676-7151,65
太田 太一,000-6398-9735,59
小林 真綾,28-4467-0379,30
中村 あすか,21-1722-6316,36
田中 加奈,000-9706-3785,51
中村 裕太,000-9898-9453,49
伊藤 翔太,000-7014-7515,64
斉藤 稔,000-5967-4317,59
佐藤 裕樹,000-5340-5322,32
清水 香織,000-6874-3260,47
鈴木 洋介,000-1275-8595,45
渡辺 真綾,000-7037-8858,63
佐々木 結衣,000-2773-0558,24
小川 美加子,000-9367-6175,29
森 洋介,000-6883-3726,27
佐々木 太郎,000-5943-6009,55
阿部 聡太郎,000-0113-6640,73
山田 修平,000-8731-8420,70
佐藤 裕美子,000-1648-0560,49
斉藤 健一,000-4114-4187,73
石井 治,000-5834-4868,49
村上 舞,83-4465-1302,66